parameter,mean_value
a,0.18377286809413387
b,0.4703840603616496
c,2.8706442280751427
