parameter,mean_value
a,0.1519265520479105
b,0.8081828303878081
c,2.3382993089939386
